ID;Your name:;Your e-mail:
1;Jan Smit;janman@mail.com
2;Kees van der Spek;keespees@mail.com
3;Mark Tuitert;markpark@mail.com
4;Joop Zoetemelk;jooppoop@mail.com
5;Thomas Acda;thomasphomas@mail.com
6;Sven Kramer;svenpven@mail.com
7;Bjorn Kellerman;bjornpjorn@mail.com
8;Arjen Robben;arjenprjen@mail.com
9;Splinter Chabot;splinterpplinter@mail.com
10;Marianne Timmer;marianneparianne@mail.com
11;Ellen Hoog;ellenpellen@mail.com
12;Roos Drost;roosproos@mail.com
13;Elisa Bagger;elisapelisa@mail.com
14;Frederique Dinges;frederiquepfrederique@mail.com
15;Romy Monteiro;romypromy@mail.com
16;Laura Dekker;lauraplaura@mail.com
17;Esther Verhaag;estherpesther@mail.com
18;Emma de Bruijn;emmapemma@mail.com
19;Sandra Dieren;sandrapsandra@mail.com